Article Title,Author,Date,Subject/Section,Words Count,Source,Most Common Letter
The Dish on Fishs Eddy,Florence FABRICANT,2018-10-29T20:35:52+0000,Dining,122,The New York Times,h
"Branzino, a Mediterranean Fish, Is Being Farmed in Connecticut",Priya KRISHNA,2018-11-20T16:32:33+0000,Dining,1248,The New York Times,n
Vitamin D and Fish Oils Are Ineffective for Preventing Cancer and Heart Disease,Roni RABIN,2018-11-10T20:00:01+0000,Well,1030,The New York Times,e
Rwandan Women Paddle Into the Male World of Fishing,Shannon SIMS,2018-12-01T04:30:11+0000,Foreign,1649,The New York Times,n
A Delicate Treatment for a Just-as-Delicate Fish,David TANIS,2018-09-28T15:45:10+0000,Dining,388,The New York Times,e
Where Did Fish First Evolve? The Answer May Be Shallow,Nicholas ST,2018-10-25T21:08:58+0000,Science,697,The New York Times,e
"Hurricane Harvey Passed Over, but These Fish Kept Making Babies",Joanna KLEIN,2018-11-15T16:42:07+0000,Science,693,The New York Times,e
"Celebrating the Fish Fry, a Late-Summer Black Tradition",Korsha WILSON,2018-09-11T16:20:20+0000,Dining,1017,The New York Times,e
"Writing About Fried Fish, With a Side of History",Korsha WILSON,2018-09-11T22:30:30+0000,Insider,680,The New York Times,i
"A Handsome Fish, Spikes and All",Dave TAFT,2018-08-08T20:19:18+0000,Metropolitan,415,The New York Times,s
Dead fish to power cruise ships,Fiona Harvey Environment correspondent,2018-11-19T15:19:11Z,Environment,430,The Guardian,s
"Cornerstone, London: ‘Beautiful fish shown respect’ – restaurant review",Jay Rayner,2018-11-25T06:00:04Z,Food,1308,The Observer,e
Country diary: the dry summer has left fish dangerously exposed,Phil Gates,2018-11-15T05:30:24Z,Environment,360,The Guardian,e
'Sad surprise': Amazon fish contaminated by plastic particles,Ian Sample Science editor,2018-11-16T18:08:17Z,Environment,773,theguardian.com,a
How to cook fish in batter | Felicity Cloake’s masterclass,Felicity Cloake,2018-08-29T11:00:39Z,Food,706,The Guardian,o
Starwatch: fishing for Pisces,Stuart Clark,2018-11-25T21:30:18Z,Science,192,The Guardian,i
Are we wrong to assume fish can't feel pain?,Carl Safina,2018-10-30T06:00:10Z,News,2674,The Guardian,e
Our evolving insight into the pain fish feel | Letters,Letters,2018-11-02T16:46:34Z,Environment,262,The Guardian,e
How to make the perfect fish tacos | Felicity Cloake,Felicity Cloake,2018-07-11T08:00:08Z,Food,1413,The Guardian,e
